thisN,thisTrialN,thisRepN,tilt,key_resp.keys,key_resp.corr,key_resp.rt,key_resp.duration,trials.thisRepN,trials.thisTrialN,trials.thisN,trials.thisIndex,thisRow.t,notes,piloting,Instructions.started,text.started,key_resp_2.started,Instructions.stopped,key_resp_2.keys,key_resp_2.rt,key_resp_2.duration,trial.started,Fixation.started,Fixation.stopped,key_resp.started,trial.stopped,trials.tilt,trials.key_resp.keys,trials.key_resp.corr,trials.key_resp.rt,trials.key_resp.duration,Thank_you.started,text_2.started,text_2.stopped,Thank_you.stopped,participant,session,date,expName,expVersion,psychopyVersion,frameRate,expStart,
,,,,,,,,,,,,,,False,0.015285874949768186,0.03156304161529988,0.03156304161529988,15.488691541715525,space,15.443260375061072,None,,,,,,,,,,,,,,,sd1,001,2026-09-09_17h57.33.911,sd1_Signal detection task_2026-09-09_17h55.44.208.psydat,,2026.2.3,60.042645281513984,2026-09-09 17h57.33.958253 +0530,
0,0,0,-4,up,0,8.31774575007148,None,0,0,0,0,15.498229041695595,,,,,,,,,,15.489291583304293,15.498229041695595,16.49829041666817,16.49829041666817,24.83451858337503,-4,up,0,8.31774575007148,None,,,,,sd1,001,2026-09-09_17h57.33.911,sd1_Signal detection task_2026-09-09_17h55.44.208.psydat,,2026.2.3,60.042645281513984,2026-09-09 17h57.33.958253 +0530,
1,0,1,0,up,1,2.2036198750138283,None,1,0,1,0,24.84852241666522,,,,,,,,,,24.83458483335562,24.84852241666522,25.849317958345637,25.849317958345637,28.065354750026017,0,up,1,2.2036198750138283,None,,,,,sd1,001,2026-09-09_17h57.33.911,sd1_Signal detection task_2026-09-09_17h55.44.208.psydat,,2026.2.3,60.042645281513984,2026-09-09 17h57.33.958253 +0530,
2,0,2,0,up,1,1.1942467499757186,None,2,0,2,0,28.081419124966487,,,,,,,,,,28.065421958337538,28.081419124966487,29.082452125032432,29.065737291704863,30.265018583275378,0,up,1,1.1942467499757186,None,,,,,sd1,001,2026-09-09_17h57.33.911,sd1_Signal detection task_2026-09-09_17h55.44.208.psydat,,2026.2.3,60.042645281513984,2026-09-09 17h57.33.958253 +0530,
3,0,3,0,up,1,0.5750900834100321,None,3,0,3,0,30.281556041678414,,,,,,,,,,30.265077416668646,30.281556041678414,31.28218695835676,31.264853666652925,31.849385583307594,0,up,1,0.5750900834100321,None,,,,,sd1,001,2026-09-09_17h57.33.911,sd1_Signal detection task_2026-09-09_17h55.44.208.psydat,,2026.2.3,60.042645281513984,2026-09-09 17h57.33.958253 +0530,
4,0,4,1,up,0,0.40375829162076116,None,4,0,4,0,31.865793999982998,,,,,,,,,,31.849436833290383,31.865793999982998,32.86591858335305,32.84915729169734,33.266005374956876,1,up,0,0.40375829162076116,None,,,,,sd1,001,2026-09-09_17h57.33.911,sd1_Signal detection task_2026-09-09_17h55.44.208.psydat,,2026.2.3,60.042645281513984,2026-09-09 17h57.33.958253 +0530,
5,0,5,3,up,0,0.3239999583456665,None,5,0,5,0,33.282589666661806,,,,,,,,,,33.26606837497093,33.282589666661806,34.298077124985866,34.26486266660504,34.59866516664624,3,up,0,0.3239999583456665,None,,,,,sd1,001,2026-09-09_17h57.33.911,sd1_Signal detection task_2026-09-09_17h55.44.208.psydat,,2026.2.3,60.042645281513984,2026-09-09 17h57.33.958253 +0530,
6,0,6,2,up,0,0.8258185000158846,None,6,0,6,0,34.61490987497382,,,,,,,,,,34.598723083385266,34.61490987497382,35.61493308329955,35.59799949999433,36.43170099996496,2,up,0,0.8258185000158846,None,,,,,sd1,001,2026-09-09_17h57.33.911,sd1_Signal detection task_2026-09-09_17h55.44.208.psydat,,2026.2.3,60.042645281513984,2026-09-09 17h57.33.958253 +0530,
7,0,7,0,up,0,0.30749162496067584,None,7,0,7,0,36.44810141669586,,,,,,,,,,36.43175745836925,36.44810141669586,37.44800600002054,37.4322998332791,37.74823958333582,0,up,0,0.30749162496067584,None,,,,,sd1,001,2026-09-09_17h57.33.911,sd1_Signal detection task_2026-09-09_17h55.44.208.psydat,,2026.2.3,60.042645281513984,2026-09-09 17h57.33.958253 +0530,
8,0,8,3,up,0,0.5016467500245199,None,8,0,8,0,37.76500083331484,,,,,,,,,,37.74828858335968,37.76500083331484,38.76598820835352,38.74913337500766,39.26519720838405,3,up,0,0.5016467500245199,None,,,,,sd1,001,2026-09-09_17h57.33.911,sd1_Signal detection task_2026-09-09_17h55.44.208.psydat,,2026.2.3,60.042645281513984,2026-09-09 17h57.33.958253 +0530,
9,0,9,4,down,1,1.1448869582964107,None,9,0,9,0,39.28154462494422,,,,,,,,,,39.26526720833499,39.28154462494422,40.28246345836669,40.2658400000073,41.415875833365135,4,down,1,1.1448869582964107,None,,,,,sd1,001,2026-09-09_17h57.33.911,sd1_Signal detection task_2026-09-09_17h55.44.208.psydat,,2026.2.3,60.042645281513984,2026-09-09 17h57.33.958253 +0530,
10,0,10,0,up,1,0.5049879583530128,None,10,0,10,0,41.43257437495049,,,,,,,,,,41.415919375023805,41.43257437495049,42.432381833321415,42.415719583281316,42.93253341666423,0,up,1,0.5049879583530128,None,,,,,sd1,001,2026-09-09_17h57.33.911,sd1_Signal detection task_2026-09-09_17h55.44.208.psydat,,2026.2.3,60.042645281513984,2026-09-09 17h57.33.958253 +0530,
11,0,11,1,up,0,0.8131217916961759,None,11,0,11,0,42.949044166714884,,,,,,,,,,42.93258020828944,42.949044166714884,43.94829958328046,43.93151058338117,44.74870616663247,1,up,0,0.8131217916961759,None,,,,,sd1,001,2026-09-09_17h57.33.911,sd1_Signal detection task_2026-09-09_17h55.44.208.psydat,,2026.2.3,60.042645281513984,2026-09-09 17h57.33.958253 +0530,
12,0,12,-2,up,0,0.3866200833581388,None,12,0,12,0,44.764856708352454,,,,,,,,,,44.74874841666315,44.764856708352454,45.76581633335445,45.74900774995331,46.14863908337429,-2,up,0,0.3866200833581388,None,,,,,sd1,001,2026-09-09_17h57.33.911,sd1_Signal detection task_2026-09-09_17h55.44.208.psydat,,2026.2.3,60.042645281513984,2026-09-09 17h57.33.958253 +0530,
13,0,13,0,up,1,0.494443874922581,None,13,0,13,0,46.16506137500983,,,,,,,,,,46.14868429163471,46.16506137500983,47.16578920837492,47.14912304165773,47.648476624977775,0,up,1,0.494443874922581,None,,,,,sd1,001,2026-09-09_17h57.33.911,sd1_Signal detection task_2026-09-09_17h55.44.208.psydat,,2026.2.3,60.042645281513984,2026-09-09 17h57.33.958253 +0530,
14,0,14,0,up,1,0.7765411667060107,None,14,0,14,0,47.66512141667772,,,,,,,,,,47.64851520827506,47.66512141667772,48.664670541649684,48.64798516663723,49.432047416688874,0,up,1,0.7765411667060107,None,,,,,sd1,001,2026-09-09_17h57.33.911,sd1_Signal detection task_2026-09-09_17h55.44.208.psydat,,2026.2.3,60.042645281513984,2026-09-09 17h57.33.958253 +0530,
15,0,15,2,down,1,0.5653406250057742,None,15,0,15,0,49.44903716666158,,,,,,,,,,49.43211887497455,49.44903716666158,50.44917854166124,50.432294375030324,50.998835291713476,2,down,1,0.5653406250057742,None,,,,,sd1,001,2026-09-09_17h57.33.911,sd1_Signal detection task_2026-09-09_17h55.44.208.psydat,,2026.2.3,60.042645281513984,2026-09-09 17h57.33.958253 +0530,
16,0,16,0,up,1,0.7434062083484605,None,16,0,16,0,51.01518116670195,,,,,,,,,,50.99888125003781,51.01518116670195,52.01507387496531,51.99906475003809,52.748220124980435,0,up,1,0.7434062083484605,None,,,,,sd1,001,2026-09-09_17h57.33.911,sd1_Signal detection task_2026-09-09_17h55.44.208.psydat,,2026.2.3,60.042645281513984,2026-09-09 17h57.33.958253 +0530,
17,0,17,-3,down,1,1.1610619167331606,None,17,0,17,0,52.76461674994789,,,,,,,,,,52.74826512497384,52.76461674994789,53.76517879171297,53.748358791694045,54.916043624980375,-3,down,1,1.1610619167331606,None,,,,,sd1,001,2026-09-09_17h57.33.911,sd1_Signal detection task_2026-09-09_17h55.44.208.psydat,,2026.2.3,60.042645281513984,2026-09-09 17h57.33.958253 +0530,
18,0,18,0,up,1,0.6266198332887143,None,18,0,18,0,54.93161783332471,,,,,,,,,,54.91608141665347,54.93161783332471,55.93158299999777,55.914769208291546,56.54811995837372,0,up,1,0.6266198332887143,None,,,,,sd1,001,2026-09-09_17h57.33.911,sd1_Signal detection task_2026-09-09_17h55.44.208.psydat,,2026.2.3,60.042645281513984,2026-09-09 17h57.33.958253 +0530,
19,0,19,0,up,1,0.6832108750240877,None,19,0,19,0,56.56573133333586,,,,,,,,,,56.548160500009544,56.56573133333586,57.56574045831803,57.549109041690826,58.24878549994901,0,up,1,0.6832108750240877,None,,,,,sd1,001,2026-09-09_17h57.33.911,sd1_Signal detection task_2026-09-09_17h55.44.208.psydat,,2026.2.3,60.042645281513984,2026-09-09 17h57.33.958253 +0530,
20,0,20,-5,down,1,0.4342246250016615,None,20,0,20,0,58.26458237494808,,,,,,,,,,58.24886241671629,58.26458237494808,59.26588266668841,59.24905466660857,59.6986844582716,-5,down,1,0.4342246250016615,None,,,,,sd1,001,2026-09-09_17h57.33.911,sd1_Signal detection task_2026-09-09_17h55.44.208.psydat,,2026.2.3,60.042645281513984,2026-09-09 17h57.33.958253 +0530,
21,0,21,0,up,1,0.755461833323352,None,21,0,21,0,59.71509670827072,,,,,,,,,,59.69873225002084,59.71509670827072,60.715740625048056,60.698778416612186,61.46556237502955,0,up,1,0.755461833323352,None,,,,,sd1,001,2026-09-09_17h57.33.911,sd1_Signal detection task_2026-09-09_17h55.44.208.psydat,,2026.2.3,60.042645281513984,2026-09-09 17h57.33.958253 +0530,
22,0,22,0,up,0,0.39042962505482137,None,22,0,22,0,61.482257291674614,,,,,,,,,,61.465614125016145,61.482257291674614,62.481324375025,62.464804374962114,62.865018666605465,0,up,0,0.39042962505482137,None,,,,,sd1,001,2026-09-09_17h57.33.911,sd1_Signal detection task_2026-09-09_17h55.44.208.psydat,,2026.2.3,60.042645281513984,2026-09-09 17h57.33.958253 +0530,
23,0,23,-1,down,1,0.44564258330501616,None,23,0,23,0,62.88178879162297,,,,,,,,,,62.86507950001396,62.88178879162297,63.88182295835577,63.864559916662984,64.31482341664378,-1,down,1,0.44564258330501616,None,,,,,sd1,001,2026-09-09_17h57.33.911,sd1_Signal detection task_2026-09-09_17h55.44.208.psydat,,2026.2.3,60.042645281513984,2026-09-09 17h57.33.958253 +0530,
24,0,24,0,up,0,0.3021650000009686,None,24,0,24,0,64.33173466671724,,,,,,,,,,64.31489883328322,64.33173466671724,65.331474208273,65.3150249166647,65.63150704163127,0,up,0,0.3021650000009686,None,,,,,sd1,001,2026-09-09_17h57.33.911,sd1_Signal detection task_2026-09-09_17h55.44.208.psydat,,2026.2.3,60.042645281513984,2026-09-09 17h57.33.958253 +0530,
25,0,25,-1,up,0,0.2725797499297187,None,25,0,25,0,65.64900404168293,,,,,,,,,,65.63155358331278,65.64900404168293,66.64804737502709,66.6315688333707,66.91503108327743,-1,up,0,0.2725797499297187,None,,,,,sd1,001,2026-09-09_17h57.33.911,sd1_Signal detection task_2026-09-09_17h55.44.208.psydat,,2026.2.3,60.042645281513984,2026-09-09 17h57.33.958253 +0530,
26,0,26,-1,up,0,0.24604150000959635,None,26,0,26,0,66.93174945830833,,,,,,,,,,66.91510195832234,66.93174945830833,67.93164795835037,67.91507037496194,68.16524054168258,-1,up,0,0.24604150000959635,None,,,,,sd1,001,2026-09-09_17h57.33.911,sd1_Signal detection task_2026-09-09_17h55.44.208.psydat,,2026.2.3,60.042645281513984,2026-09-09 17h57.33.958253 +0530,
27,0,27,0,up,1,0.4570254166610539,None,27,0,27,0,68.18160083331168,,,,,,,,,,68.16530383331701,68.18160083331168,69.18239887501113,69.1650311666308,69.63163320836611,0,up,1,0.4570254166610539,None,,,,,sd1,001,2026-09-09_17h57.33.911,sd1_Signal detection task_2026-09-09_17h55.44.208.psydat,,2026.2.3,60.042645281513984,2026-09-09 17h57.33.958253 +0530,
28,0,28,0,up,1,0.292569458251819,None,28,0,28,0,69.64793954160996,,,,,,,,,,69.6316890832968,69.64793954160996,70.6479084166931,70.6314813332865,70.93159995833412,0,up,1,0.292569458251819,None,,,,,sd1,001,2026-09-09_17h57.33.911,sd1_Signal detection task_2026-09-09_17h55.44.208.psydat,,2026.2.3,60.042645281513984,2026-09-09 17h57.33.958253 +0530,
29,0,29,-2,down,1,0.33520458335988224,None,29,0,29,0,70.9486891250126,,,,,,,,,,70.93166087497957,70.9486891250126,71.9490627082996,71.93181229161564,72.28184187493753,-2,down,1,0.33520458335988224,None,,,,,sd1,001,2026-09-09_17h57.33.911,sd1_Signal detection task_2026-09-09_17h55.44.208.psydat,,2026.2.3,60.042645281513984,2026-09-09 17h57.33.958253 +0530,
30,0,30,0,up,1,0.6046236667316407,None,30,0,30,0,72.29799266671762,,,,,,,,,,72.28188654163387,72.29799266671762,73.29832679161336,73.28236154164188,73.89927954168525,0,up,1,0.6046236667316407,None,,,,,sd1,001,2026-09-09_17h57.33.911,sd1_Signal detection task_2026-09-09_17h55.44.208.psydat,,2026.2.3,60.042645281513984,2026-09-09 17h57.33.958253 +0530,
31,0,31,0,down,0,0.6167205000529066,None,31,0,31,0,73.91481483331881,,,,,,,,,,73.89933129167184,73.91481483331881,74.91493458335754,74.8982773750322,75.5153171250131,0,down,0,0.6167205000529066,None,,,,,sd1,001,2026-09-09_17h57.33.911,sd1_Signal detection task_2026-09-09_17h55.44.208.psydat,,2026.2.3,60.042645281513984,2026-09-09 17h57.33.958253 +0530,
32,0,32,0,up,1,0.5050064583774656,None,32,0,32,0,75.53178329160437,,,,,,,,,,75.5153618749464,75.53178329160437,76.53158700000495,76.51491258328315,77.03145979170222,0,up,1,0.5050064583774656,None,,,,,sd1,001,2026-09-09_17h57.33.911,sd1_Signal detection task_2026-09-09_17h55.44.208.psydat,,2026.2.3,60.042645281513984,2026-09-09 17h57.33.958253 +0530,
33,0,33,-2,up,0,0.2606106667080894,None,33,0,33,0,77.0478990416741,,,,,,,,,,77.03151775000151,77.0478990416741,78.04897966666613,78.03227708337363,78.29817874997389,-2,up,0,0.2606106667080894,None,,,,,sd1,001,2026-09-09_17h57.33.911,sd1_Signal detection task_2026-09-09_17h55.44.208.psydat,,2026.2.3,60.042645281513984,2026-09-09 17h57.33.958253 +0530,
34,0,34,0,up,1,0.6706177917076275,None,34,0,34,0,78.31492420833092,,,,,,,,,,78.29821712500416,78.31492420833092,79.31512329168618,79.2982061667135,79.9819346666336,0,up,1,0.6706177917076275,None,,,,,sd1,001,2026-09-09_17h57.33.911,sd1_Signal detection task_2026-09-09_17h55.44.208.psydat,,2026.2.3,60.042645281513984,2026-09-09 17h57.33.958253 +0530,
35,0,35,0,up,1,0.5825062916846946,None,35,0,35,0,79.99908216670156,,,,,,,,,,79.98200545832515,79.99908216670156,80.9990049166372,80.98230666667223,81.58151429169811,0,up,1,0.5825062916846946,None,,,,,sd1,001,2026-09-09_17h57.33.911,sd1_Signal detection task_2026-09-09_17h55.44.208.psydat,,2026.2.3,60.042645281513984,2026-09-09 17h57.33.958253 +0530,
36,0,36,0,up,1,0.595505666686222,None,36,0,36,0,81.59839083335828,,,,,,,,,,81.58155916666146,81.59839083335828,82.59906662499998,82.58227100002114,83.18196145829279,0,up,1,0.595505666686222,None,,,,,sd1,001,2026-09-09_17h57.33.911,sd1_Signal detection task_2026-09-09_17h55.44.208.psydat,,2026.2.3,60.042645281513984,2026-09-09 17h57.33.958253 +0530,
37,0,37,0,up,1,0.7555097083095461,None,37,0,37,0,83.19836375000887,,,,,,,,,,83.18200833327137,83.19836375000887,84.19902970828116,84.18122129165567,84.94814054167364,0,up,1,0.7555097083095461,None,,,,,sd1,001,2026-09-09_17h57.33.911,sd1_Signal detection task_2026-09-09_17h55.44.208.psydat,,2026.2.3,60.042645281513984,2026-09-09 17h57.33.958253 +0530,
38,0,38,0,up,1,0.7055191666586325,None,38,0,38,0,84.96509383327793,,,,,,,,,,84.94821104162838,84.96509383327793,85.96475995832589,85.94815070834011,86.66575666668359,0,up,1,0.7055191666586325,None,,,,,sd1,001,2026-09-09_17h57.33.911,sd1_Signal detection task_2026-09-09_17h55.44.208.psydat,,2026.2.3,60.042645281513984,2026-09-09 17h57.33.958253 +0530,
39,0,39,-3,up,0,0.35114416666328907,None,39,0,39,0,86.68224745837506,,,,,,,,,,86.66581183334347,86.68224745837506,87.68149566662032,87.68149566662032,88.04815295827575,-3,up,0,0.35114416666328907,None,,,,,sd1,001,2026-09-09_17h57.33.911,sd1_Signal detection task_2026-09-09_17h55.44.208.psydat,,2026.2.3,60.042645281513984,2026-09-09 17h57.33.958253 +0530,
40,0,40,2,down,1,0.9236645833589137,None,40,0,40,0,88.06449466664344,,,,,,,,,,88.04819962498732,88.06449466664344,89.06536250002682,89.04894699994475,89.9826381666353,2,down,1,0.9236645833589137,None,,,,,sd1,001,2026-09-09_17h57.33.911,sd1_Signal detection task_2026-09-09_17h55.44.208.psydat,,2026.2.3,60.042645281513984,2026-09-09 17h57.33.958253 +0530,
41,0,41,3,down,1,0.7922818750375882,None,41,0,41,0,89.99839687498752,,,,,,,,,,89.98269808327314,89.99839687498752,90.99890441668686,90.98227562499233,91.7824950000504,3,down,1,0.7922818750375882,None,,,,,sd1,001,2026-09-09_17h57.33.911,sd1_Signal detection task_2026-09-09_17h55.44.208.psydat,,2026.2.3,60.042645281513984,2026-09-09 17h57.33.958253 +0530,
42,0,42,-5,down,1,0.739294791710563,None,42,0,42,0,91.79788387496956,,,,,,,,,,91.78254616667982,91.79788387496956,92.79830037499778,92.78222166665364,93.53197470831219,-5,down,1,0.739294791710563,None,,,,,sd1,001,2026-09-09_17h57.33.911,sd1_Signal detection task_2026-09-09_17h55.44.208.psydat,,2026.2.3,60.042645281513984,2026-09-09 17h57.33.958253 +0530,
43,0,43,1,down,1,0.6471594165777788,None,43,0,43,0,93.54793204169255,,,,,,,,,,93.53206266660709,93.54793204169255,94.54897295834962,94.53233504167292,95.18197100004181,1,down,1,0.6471594165777788,None,,,,,sd1,001,2026-09-09_17h57.33.911,sd1_Signal detection task_2026-09-09_17h55.44.208.psydat,,2026.2.3,60.042645281513984,2026-09-09 17h57.33.958253 +0530,
44,0,44,-4,down,1,0.717297124909237,None,44,0,44,0,95.19809966662433,,,,,,,,,,95.18202179169748,95.19809966662433,96.19878945837263,96.18213679164182,96.91576820833143,-4,down,1,0.717297124909237,None,,,,,sd1,001,2026-09-09_17h57.33.911,sd1_Signal detection task_2026-09-09_17h55.44.208.psydat,,2026.2.3,60.042645281513984,2026-09-09 17h57.33.958253 +0530,
45,0,45,-3,up,0,1.0511907916516066,None,45,0,45,0,96.93241487501655,,,,,,,,,,96.9158122499939,96.93241487501655,97.94901845837012,97.93119033332914,98.9985754583031,-3,up,0,1.0511907916516066,None,,,,,sd1,001,2026-09-09_17h57.33.911,sd1_Signal detection task_2026-09-09_17h55.44.208.psydat,,2026.2.3,60.042645281513984,2026-09-09 17h57.33.958253 +0530,
46,0,46,-2,down,1,0.5594572916161269,None,46,0,46,0,99.01448937493842,,,,,,,,,,98.99865987501107,99.01448937493842,100.0155644583283,99.99891479162034,100.56492879171856,-2,down,1,0.5594572916161269,None,,,,,sd1,001,2026-09-09_17h57.33.911,sd1_Signal detection task_2026-09-09_17h55.44.208.psydat,,2026.2.3,60.042645281513984,2026-09-09 17h57.33.958253 +0530,
47,0,47,-5,down,1,0.5156632916769013,None,47,0,47,0,100.58166195836384,,,,,,,,,,100.56499570829328,100.58166195836384,101.58187658328097,101.56469399994239,102.08234058332164,-5,down,1,0.5156632916769013,None,,,,,sd1,001,2026-09-09_17h57.33.911,sd1_Signal detection task_2026-09-09_17h55.44.208.psydat,,2026.2.3,60.042645281513984,2026-09-09 17h57.33.958253 +0530,
48,0,48,0,down,0,0.3590697499457747,None,48,0,48,0,102.09822033334058,,,,,,,,,,102.08238349994645,102.09822033334058,103.0983222082723,103.08223237504717,103.44805466663092,0,down,0,0.3590697499457747,None,,,,,sd1,001,2026-09-09_17h57.33.911,sd1_Signal detection task_2026-09-09_17h55.44.208.psydat,,2026.2.3,60.042645281513984,2026-09-09 17h57.33.958253 +0530,
49,0,49,0,up,1,0.46392141666729003,None,49,0,49,0,103.46478662500158,,,,,,,,,,103.44811291666701,103.46478662500158,104.46501033334062,104.44839408330154,104.91502066666726,0,up,1,0.46392141666729003,None,,,,,sd1,001,2026-09-09_17h57.33.911,sd1_Signal detection task_2026-09-09_17h55.44.208.psydat,,2026.2.3,60.042645281513984,2026-09-09 17h57.33.958253 +0530,
50,0,50,-2,up,0,0.5204399166395888,None,50,0,50,0,104.93168737494852,,,,,,,,,,104.9150666249916,104.93168737494852,105.93128683336545,105.91477695829235,106.44833245838527,-2,up,0,0.5204399166395888,None,,,,,sd1,001,2026-09-09_17h57.33.911,sd1_Signal detection task_2026-09-09_17h55.44.208.psydat,,2026.2.3,60.042645281513984,2026-09-09 17h57.33.958253 +0530,
51,0,51,0,up,1,0.5493582916678861,None,51,0,51,0,106.46476933336817,,,,,,,,,,106.44837241666391,106.46476933336817,107.46551370830275,107.44882662501186,107.99843491660431,0,up,1,0.5493582916678861,None,,,,,sd1,001,2026-09-09_17h57.33.911,sd1_Signal detection task_2026-09-09_17h55.44.208.psydat,,2026.2.3,60.042645281513984,2026-09-09 17h57.33.958253 +0530,
52,0,52,3,down,1,0.5754237499786541,None,52,0,52,0,108.01490433327854,,,,,,,,,,107.99847566662356,108.01490433327854,109.01480262493715,108.99772904161364,109.58186308329459,3,down,1,0.5754237499786541,None,,,,,sd1,001,2026-09-09_17h57.33.911,sd1_Signal detection task_2026-09-09_17h55.44.208.psydat,,2026.2.3,60.042645281513984,2026-09-09 17h57.33.958253 +0530,
53,0,53,0,up,1,0.7060340417083353,None,53,0,53,0,109.59820220828988,,,,,,,,,,109.58193408336956,109.59820220828988,110.59798408334609,110.58107270835899,111.29856754164211,0,up,1,0.7060340417083353,None,,,,,sd1,001,2026-09-09_17h57.33.911,sd1_Signal detection task_2026-09-09_17h55.44.208.psydat,,2026.2.3,60.042645281513984,2026-09-09 17h57.33.958253 +0530,
54,0,54,0,up,1,1.0210055416682735,None,54,0,54,0,111.31562583334744,,,,,,,,,,111.29862545838114,111.31562583334744,112.31464033329394,112.29803958337288,113.33130900003016,0,up,1,1.0210055416682735,None,,,,,sd1,001,2026-09-09_17h57.33.911,sd1_Signal detection task_2026-09-09_17h55.44.208.psydat,,2026.2.3,60.042645281513984,2026-09-09 17h57.33.958253 +0530,
55,0,55,1,down,1,0.4058164166053757,None,55,0,55,0,113.34891741664615,,,,,,,,,,113.33136104163714,113.34891741664615,114.36486495833378,114.33121345832478,114.74806883337442,1,down,1,0.4058164166053757,None,,,,,sd1,001,2026-09-09_17h57.33.911,sd1_Signal detection task_2026-09-09_17h55.44.208.psydat,,2026.2.3,60.042645281513984,2026-09-09 17h57.33.958253 +0530,
56,0,56,4,down,1,0.5100865417625755,None,56,0,56,0,114.76554387505166,,,,,,,,,,114.74811375001445,114.76554387505166,115.76559766661376,115.74892154161353,116.26547604170628,4,down,1,0.5100865417625755,None,,,,,sd1,001,2026-09-09_17h57.33.911,sd1_Signal detection task_2026-09-09_17h55.44.208.psydat,,2026.2.3,60.042645281513984,2026-09-09 17h57.33.958253 +0530,
57,0,57,1,down,1,0.42219716671388596,None,57,0,57,0,116.28141704166774,,,,,,,,,,116.26551370834932,116.28141704166774,117.2815930416109,117.26477516663726,117.69811350002419,1,down,1,0.42219716671388596,None,,,,,sd1,001,2026-09-09_17h57.33.911,sd1_Signal detection task_2026-09-09_17h55.44.208.psydat,,2026.2.3,60.042645281513984,2026-09-09 17h57.33.958253 +0530,
58,0,58,0,up,1,0.7350942916236818,None,58,0,58,0,117.71476883336436,,,,,,,,,,117.69815320835914,117.71476883336436,118.71464191668201,118.6978141249856,119.44832979165949,0,up,1,0.7350942916236818,None,,,,,sd1,001,2026-09-09_17h57.33.911,sd1_Signal detection task_2026-09-09_17h55.44.208.psydat,,2026.2.3,60.042645281513984,2026-09-09 17h57.33.958253 +0530,
59,0,59,0,up,1,0.5720739999087527,None,59,0,59,0,119.46483995835297,,,,,,,,,,119.4484182499582,119.46483995835297,120.46553762501571,120.44892058335245,121.03126816661097,0,up,1,0.5720739999087527,None,,,,,sd1,001,2026-09-09_17h57.33.911,sd1_Signal detection task_2026-09-09_17h55.44.208.psydat,,2026.2.3,60.042645281513984,2026-09-09 17h57.33.958253 +0530,
60,0,60,0,up,1,0.753608375089243,None,60,0,60,0,121.04776283330284,,,,,,,,,,121.03132029168773,121.04776283330284,122.04805920831859,122.032223041635,122.79852095828392,0,up,1,0.753608375089243,None,,,,,sd1,001,2026-09-09_17h57.33.911,sd1_Signal detection task_2026-09-09_17h55.44.208.psydat,,2026.2.3,60.042645281513984,2026-09-09 17h57.33.958253 +0530,
61,0,61,0,up,1,0.4930567917181179,None,61,0,61,0,122.81550312496256,,,,,,,,,,122.79859783337452,122.81550312496256,123.8150344582973,123.79873979161493,124.29799691669177,0,up,1,0.4930567917181179,None,,,,,sd1,001,2026-09-09_17h57.33.911,sd1_Signal detection task_2026-09-09_17h55.44.208.psydat,,2026.2.3,60.042645281513984,2026-09-09 17h57.33.958253 +0530,
62,0,62,2,down,1,0.4775790834100917,None,62,0,62,0,124.31452320830431,,,,,,,,,,124.298063083319,124.31452320830431,125.31481616664678,125.29819574998692,125.78258041664958,2,down,1,0.4775790834100917,None,,,,,sd1,001,2026-09-09_17h57.33.911,sd1_Signal detection task_2026-09-09_17h55.44.208.psydat,,2026.2.3,60.042645281513984,2026-09-09 17h57.33.958253 +0530,
63,0,63,-3,down,1,0.43768658326007426,None,63,0,63,0,125.79893891664688,,,,,,,,,,125.78263150004204,125.79893891664688,126.81465800001752,126.79805704171304,127.2479231666075,-3,down,1,0.43768658326007426,None,,,,,sd1,001,2026-09-09_17h57.33.911,sd1_Signal detection task_2026-09-09_17h55.44.208.psydat,,2026.2.3,60.042645281513984,2026-09-09 17h57.33.958253 +0530,
64,0,64,2,down,1,0.46708137507084757,None,64,0,64,0,127.26490220834967,,,,,,,,,,127.2479661667021,127.26490220834967,128.2648366666399,128.24861095834058,128.73118379164953,2,down,1,0.46708137507084757,None,,,,,sd1,001,2026-09-09_17h57.33.911,sd1_Signal detection task_2026-09-09_17h55.44.208.psydat,,2026.2.3,60.042645281513984,2026-09-09 17h57.33.958253 +0530,
65,0,65,-1,up,0,3.7506277499487624,None,65,0,65,0,128.74779016664252,,,,,,,,,,128.73122349998448,128.74779016664252,129.74786854162812,129.73114008328412,133.48230445827357,-1,up,0,3.7506277499487624,None,,,,,sd1,001,2026-09-09_17h57.33.911,sd1_Signal detection task_2026-09-09_17h55.44.208.psydat,,2026.2.3,60.042645281513984,2026-09-09 17h57.33.958253 +0530,
66,0,66,0,up,1,0.7507471250137314,None,66,0,66,0,133.4981335416669,,,,,,,,,,133.48235733329784,133.4981335416669,134.4986691250233,134.48200750001706,135.24799466668628,0,up,1,0.7507471250137314,None,,,,,sd1,001,2026-09-09_17h57.33.911,sd1_Signal detection task_2026-09-09_17h55.44.208.psydat,,2026.2.3,60.042645281513984,2026-09-09 17h57.33.958253 +0530,
67,0,67,4,down,1,1.5196482083993033,None,67,0,67,0,135.26434345834423,,,,,,,,,,135.24804912495892,135.26434345834423,136.26441499998327,136.24805445829406,137.7822396249976,4,down,1,1.5196482083993033,None,,,,,sd1,001,2026-09-09_17h57.33.911,sd1_Signal detection task_2026-09-09_17h55.44.208.psydat,,2026.2.3,60.042645281513984,2026-09-09 17h57.33.958253 +0530,
68,0,68,0,up,1,1.3832618750166148,None,68,0,68,0,137.7987187083345,,,,,,,,,,137.7822802083101,137.7987187083345,138.798785708379,138.78212274995167,140.1657273749588,0,up,1,1.3832618750166148,None,,,,,sd1,001,2026-09-09_17h57.33.911,sd1_Signal detection task_2026-09-09_17h55.44.208.psydat,,2026.2.3,60.042645281513984,2026-09-09 17h57.33.958253 +0530,
69,0,69,0,up,1,0.7022395833628252,None,69,0,69,0,140.18147974996828,,,,,,,,,,140.16578599996865,140.18147974996828,141.18151920835953,141.16536137496587,141.88123108330183,0,up,1,0.7022395833628252,None,,,,,sd1,001,2026-09-09_17h57.33.911,sd1_Signal detection task_2026-09-09_17h55.44.208.psydat,,2026.2.3,60.042645281513984,2026-09-09 17h57.33.958253 +0530,
70,0,70,0,up,1,4.195539083331823,None,70,0,70,0,141.89795975002926,,,,,,,,,,141.8812901249621,141.89795975002926,142.89801949996036,142.88136629166547,147.0812956666341,0,up,1,4.195539083331823,None,,,,,sd1,001,2026-09-09_17h57.33.911,sd1_Signal detection task_2026-09-09_17h55.44.208.psydat,,2026.2.3,60.042645281513984,2026-09-09 17h57.33.958253 +0530,
71,0,71,0,up,1,0.6246173332910985,None,71,0,71,0,147.09845566668082,,,,,,,,,,147.08134475001134,147.09845566668082,148.09828516666312,148.08129429165274,148.71499837504234,0,up,1,0.6246173332910985,None,,,,,sd1,001,2026-09-09_17h57.33.911,sd1_Signal detection task_2026-09-09_17h55.44.208.psydat,,2026.2.3,60.042645281513984,2026-09-09 17h57.33.958253 +0530,
72,0,72,-4,down,1,0.7801813749829307,None,72,0,72,0,148.73109287500847,,,,,,,,,,148.71504512499087,148.73109287500847,149.73153250000905,149.71468424994964,150.4980900833616,-4,down,1,0.7801813749829307,None,,,,,sd1,001,2026-09-09_17h57.33.911,sd1_Signal detection task_2026-09-09_17h55.44.208.psydat,,2026.2.3,60.042645281513984,2026-09-09 17h57.33.958253 +0530,
73,0,73,0,up,1,0.90700466663111,None,73,0,73,0,150.5144325000001,,,,,,,,,,150.4981580832973,150.5144325000001,151.5148389582755,151.4988176249899,152.4150066250004,0,up,1,0.90700466663111,None,,,,,sd1,001,2026-09-09_17h57.33.911,sd1_Signal detection task_2026-09-09_17h55.44.208.psydat,,2026.2.3,60.042645281513984,2026-09-09 17h57.33.958253 +0530,
74,0,74,2,down,1,0.4020001250319183,None,74,0,74,0,152.4320819999557,,,,,,,,,,152.41506908333395,152.4320819999557,153.43190112500452,153.41476620838512,153.83119029167574,2,down,1,0.4020001250319183,None,,,,,sd1,001,2026-09-09_17h57.33.911,sd1_Signal detection task_2026-09-09_17h55.44.208.psydat,,2026.2.3,60.042645281513984,2026-09-09 17h57.33.958253 +0530,
75,0,75,0,up,1,0.6937261666171253,None,75,0,75,0,153.84798179171048,,,,,,,,,,153.83126787503716,153.84798179171048,154.84768945828546,154.83101791667286,155.53227045829408,0,up,1,0.6937261666171253,None,,,,,sd1,001,2026-09-09_17h57.33.911,sd1_Signal detection task_2026-09-09_17h55.44.208.psydat,,2026.2.3,60.042645281513984,2026-09-09 17h57.33.958253 +0530,
76,0,76,3,down,1,0.7298870000522584,None,76,0,76,0,155.54792720836122,,,,,,,,,,155.53231941664126,155.54792720836122,156.54782233329024,156.54782233329024,157.28149545833003,3,down,1,0.7298870000522584,None,,,,,sd1,001,2026-09-09_17h57.33.911,sd1_Signal detection task_2026-09-09_17h55.44.208.psydat,,2026.2.3,60.042645281513984,2026-09-09 17h57.33.958253 +0530,
77,0,77,-4,up,0,0.9908019999274984,None,77,0,77,0,157.29773487499915,,,,,,,,,,157.2815412916243,157.29773487499915,158.29790383332875,158.28185395838227,159.28165629168507,-4,up,0,0.9908019999274984,None,,,,,sd1,001,2026-09-09_17h57.33.911,sd1_Signal detection task_2026-09-09_17h55.44.208.psydat,,2026.2.3,60.042645281513984,2026-09-09 17h57.33.958253 +0530,
78,0,78,-5,down,1,0.9131896665785462,None,78,0,78,0,159.29793379164767,,,,,,,,,,159.28172537498176,159.29793379164767,160.29871570831165,160.2814008332789,161.19888645829633,-5,down,1,0.9131896665785462,None,,,,,sd1,001,2026-09-09_17h57.33.911,sd1_Signal detection task_2026-09-09_17h55.44.208.psydat,,2026.2.3,60.042645281513984,2026-09-09 17h57.33.958253 +0530,
79,0,79,0,up,1,1.6134346249746159,None,79,0,79,0,161.2145409999648,,,,,,,,,,161.19893608335406,161.2145409999648,162.21544895833358,162.19811816664878,163.81493508338463,0,up,1,1.6134346249746159,None,,,,,sd1,001,2026-09-09_17h57.33.911,sd1_Signal detection task_2026-09-09_17h55.44.208.psydat,,2026.2.3,60.042645281513984,2026-09-09 17h57.33.958253 +0530,
80,0,80,0,up,1,0.6578892916440964,None,80,0,80,0,163.83112633333076,,,,,,,,,,163.81498279166408,163.83112633333076,164.83138608327135,164.81462091661524,165.4811799583258,0,up,1,0.6578892916440964,None,,,,,sd1,001,2026-09-09_17h57.33.911,sd1_Signal detection task_2026-09-09_17h55.44.208.psydat,,2026.2.3,60.042645281513984,2026-09-09 17h57.33.958253 +0530,
81,0,81,0,up,1,0.6614737500203773,None,81,0,81,0,165.49877716670744,,,,,,,,,,165.4812227083603,165.49877716670744,166.49864541669376,166.4819750833558,167.14791575004347,0,up,1,0.6614737500203773,None,,,,,sd1,001,2026-09-09_17h57.33.911,sd1_Signal detection task_2026-09-09_17h55.44.208.psydat,,2026.2.3,60.042645281513984,2026-09-09 17h57.33.958253 +0530,
82,0,82,0,up,1,0.7278938333038241,None,82,0,82,0,167.16452462493908,,,,,,,,,,167.14795516664162,167.16452462493908,168.16461195831653,168.1475190416677,168.88122270838358,0,up,1,0.7278938333038241,None,,,,,sd1,001,2026-09-09_17h57.33.911,sd1_Signal detection task_2026-09-09_17h55.44.208.psydat,,2026.2.3,60.042645281513984,2026-09-09 17h57.33.958253 +0530,
83,0,83,0,up,1,1.1465641249669716,None,83,0,83,0,168.89823537494522,,,,,,,,,,168.88126383337658,168.89823537494522,169.89792458328884,169.88082304166164,171.03152004163712,0,up,1,1.1465641249669716,None,,,,,sd1,001,2026-09-09_17h57.33.911,sd1_Signal detection task_2026-09-09_17h55.44.208.psydat,,2026.2.3,60.042645281513984,2026-09-09 17h57.33.958253 +0530,
84,0,84,0,up,1,0.6910623332951218,None,84,0,84,0,171.04755524999928,,,,,,,,,,171.0315799167147,171.04755524999928,172.047902374994,172.03127754165325,172.73127770831343,0,up,1,0.6910623332951218,None,,,,,sd1,001,2026-09-09_17h57.33.911,sd1_Signal detection task_2026-09-09_17h55.44.208.psydat,,2026.2.3,60.042645281513984,2026-09-09 17h57.33.958253 +0530,
85,0,85,-5,down,1,1.0909208334051073,None,85,0,85,0,172.74805191671476,,,,,,,,,,172.7313429582864,172.74805191671476,173.74793245829642,173.7313690832816,174.83150012500118,-5,down,1,1.0909208334051073,None,,,,,sd1,001,2026-09-09_17h57.33.911,sd1_Signal detection task_2026-09-09_17h55.44.208.psydat,,2026.2.3,60.042645281513984,2026-09-09 17h57.33.958253 +0530,
86,0,86,-3,up,0,1.5919186250539497,None,86,0,86,0,174.84864058333915,,,,,,,,,,174.83154954167549,174.84864058333915,175.84803929168265,175.83128545829095,177.43157004169188,-3,up,0,1.5919186250539497,None,,,,,sd1,001,2026-09-09_17h57.33.911,sd1_Signal detection task_2026-09-09_17h55.44.208.psydat,,2026.2.3,60.042645281513984,2026-09-09 17h57.33.958253 +0530,
87,0,87,0,down,0,0.4663203749805689,None,87,0,87,0,177.44796479167417,,,,,,,,,,177.43161204166245,177.44796479167417,178.4480542083038,178.4318789166864,178.89864016661886,0,down,0,0.4663203749805689,None,,,,,sd1,001,2026-09-09_17h57.33.911,sd1_Signal detection task_2026-09-09_17h55.44.208.psydat,,2026.2.3,60.042645281513984,2026-09-09 17h57.33.958253 +0530,
88,0,88,0,up,1,1.41890116664581,None,88,0,88,0,178.91437616664916,,,,,,,,,,178.89867879170924,178.91437616664916,179.91421479161363,179.91421479161363,181.34778991667554,0,up,1,1.41890116664581,None,,,,,sd1,001,2026-09-09_17h57.33.911,sd1_Signal detection task_2026-09-09_17h55.44.208.psydat,,2026.2.3,60.042645281513984,2026-09-09 17h57.33.958253 +0530,
89,0,89,3,down,1,0.8413787083700299,None,89,0,89,0,181.36469562503044,,,,,,,,,,181.3478717500111,181.36469562503044,182.36413029162213,182.34771566663403,183.19866541668307,3,down,1,0.8413787083700299,None,,,,,sd1,001,2026-09-09_17h57.33.911,sd1_Signal detection task_2026-09-09_17h55.44.208.psydat,,2026.2.3,60.042645281513984,2026-09-09 17h57.33.958253 +0530,
90,0,90,0,up,1,0.41554237506352365,None,90,0,90,0,183.21501512499526,,,,,,,,,,183.198720708373,183.21501512499526,184.21518570836633,184.198653166648,184.6155194583116,0,up,1,0.41554237506352365,None,,,,,sd1,001,2026-09-09_17h57.33.911,sd1_Signal detection task_2026-09-09_17h55.44.208.psydat,,2026.2.3,60.042645281513984,2026-09-09 17h57.33.958253 +0530,
91,0,91,-2,up,0,0.7608308750204742,None,91,0,91,0,184.63087920832913,,,,,,,,,,184.61557937494945,184.63087920832913,185.63114125002176,185.61418383335695,186.38139116670936,-2,up,0,0.7608308750204742,None,,,,,sd1,001,2026-09-09_17h57.33.911,sd1_Signal detection task_2026-09-09_17h55.44.208.psydat,,2026.2.3,60.042645281513984,2026-09-09 17h57.33.958253 +0530,
92,0,92,-1,up,0,0.874823791673407,None,92,0,92,0,186.39795066660736,,,,,,,,,,186.38143862504512,186.39795066660736,187.39785054163076,187.38114495831542,188.2645231250208,-1,up,0,0.874823791673407,None,,,,,sd1,001,2026-09-09_17h57.33.911,sd1_Signal detection task_2026-09-09_17h55.44.208.psydat,,2026.2.3,60.042645281513984,2026-09-09 17h57.33.958253 +0530,
93,0,93,3,down,1,0.8297488334355876,None,93,0,93,0,188.28101291670464,,,,,,,,,,188.26458654168528,188.28101291670464,189.281358666718,189.2651962499367,190.0989165416686,3,down,1,0.8297488334355876,None,,,,,sd1,001,2026-09-09_17h57.33.911,sd1_Signal detection task_2026-09-09_17h55.44.208.psydat,,2026.2.3,60.042645281513984,2026-09-09 17h57.33.958253 +0530,
94,0,94,0,up,1,11.679152458324097,None,94,0,94,0,190.11403583327774,,,,,,,,,,190.09898879169486,190.11403583327774,191.11540529166814,191.09857716667466,202.78219766670372,0,up,1,11.679152458324097,None,,,,,sd1,001,2026-09-09_17h57.33.911,sd1_Signal detection task_2026-09-09_17h55.44.208.psydat,,2026.2.3,60.042645281513984,2026-09-09 17h57.33.958253 +0530,
95,0,95,0,up,0,0.9073043334065005,None,95,0,95,0,202.79796120827086,,,,,,,,,,202.78226337500382,202.79796120827086,203.79743391671218,203.79743391671218,204.71424783335533,0,up,0,0.9073043334065005,None,,,,,sd1,001,2026-09-09_17h57.33.911,sd1_Signal detection task_2026-09-09_17h55.44.208.psydat,,2026.2.3,60.042645281513984,2026-09-09 17h57.33.958253 +0530,
96,0,96,4,down,1,0.7081994999898598,None,96,0,96,0,204.731076749973,,,,,,,,,,204.71430079161655,204.731076749973,205.73192416667007,205.71451837499626,206.4315055416664,4,down,1,0.7081994999898598,None,,,,,sd1,001,2026-09-09_17h57.33.911,sd1_Signal detection task_2026-09-09_17h55.44.208.psydat,,2026.2.3,60.042645281513984,2026-09-09 17h57.33.958253 +0530,
97,0,97,-5,down,1,0.5975329583743587,None,97,0,97,0,206.44790549995378,,,,,,,,,,206.43154675001279,206.44790549995378,207.44762979168445,207.43112945836037,208.03142495837528,-5,down,1,0.5975329583743587,None,,,,,sd1,001,2026-09-09_17h57.33.911,sd1_Signal detection task_2026-09-09_17h55.44.208.psydat,,2026.2.3,60.042645281513984,2026-09-09 17h57.33.958253 +0530,
98,0,98,0,up,1,0.8268599582370371,None,98,0,98,0,208.04736570827663,,,,,,,,,,208.0314592916984,208.04736570827663,209.04748270835262,209.0307871666737,209.86547179170884,0,up,1,0.8268599582370371,None,,,,,sd1,001,2026-09-09_17h57.33.911,sd1_Signal detection task_2026-09-09_17h55.44.208.psydat,,2026.2.3,60.042645281513984,2026-09-09 17h57.33.958253 +0530,
99,0,99,-2,up,0,0.5868499582866207,None,99,0,99,0,209.88190495828167,,,,,,,,,,209.8655215833569,209.88190495828167,210.8986097916495,210.88175333337858,211.48128283338156,-2,up,0,0.5868499582866207,None,,,,,sd1,001,2026-09-09_17h57.33.911,sd1_Signal detection task_2026-09-09_17h55.44.208.psydat,,2026.2.3,60.042645281513984,2026-09-09 17h57.33.958253 +0530,
,,,,,,,,,,,,,,,,,,,,,,,,,,,,,,,,211.48132629168686,211.49783129163552,213.49750595830847,213.48078804160468,sd1,001,2026-09-09_17h57.33.911,sd1_Signal detection task_2026-09-09_17h55.44.208.psydat,,2026.2.3,60.042645281513984,2026-09-09 17h57.33.958253 +0530,
